dataset,method,n_seeds,auc_mean,auc_std,seed_42_auc,seed_123_auc,seed_2024_auc
adult,XGBoost,3,0.9263536020,0.0004466250,0.9262654223,0.9258560471,0.9269393366
adult,LightGBM,3,0.9273335916,0.0003225845,0.9268774194,0.9275663006,0.9275570548
adult,CatBoost,3,0.9253868919,0.0003199703,0.9252590482,0.9250748968,0.9258267306
adult,MLP,3,0.9070896378,0.0002389130,0.9067776323,0.9073579283,0.9071333529
adult,FT-Transformer,3,0.9103647962,0.0003441913,0.9099139581,0.9107491500,0.9104312805
adult,CNN-M1,3,0.8496998271,0.0011128649,0.8495414257,0.8511350824,0.8484229731
adult,CNN-M1c,3,0.9101530296,0.0008874416,0.9093756027,0.9113949924,0.9096884937
adult,CNN-M2,3,0.8472608961,0.0008968281,0.8484088639,0.8462199236,0.8471539006
adult,CNN-M3-full,3,0.9090970799,0.0010752647,0.9075765629,0.9098750088,0.9098396679
adult,CNN-M3-noG,3,0.8470629214,0.0003925138,0.8475578058,0.8465977231,0.8470332353
adult,CNN-M3-noB,3,0.9092453186,0.0014284543,0.9090392940,0.9076079608,0.9110887010
adult,CNN-M3-corrB,3,0.9105434984,0.0009863177,0.9097451291,0.9119332328,0.9099521334
adult,CNN-M3-shapB,3,0.9092329840,0.0013865687,0.9104707736,0.9072969838,0.9099311945
adult,CNN-M3-RG,3,0.9100204271,0.0010068829,0.9086463185,0.9110308837,0.9103840791
adult,CNN-IGTD,3,0.8470924611,0.0006737663,0.8480008589,0.8468873638,0.8463891605
heart,XGBoost,3,0.9198606272,0.0035533237,0.9149825784,0.9233449477,0.9212543554
heart,LightGBM,3,0.9204413473,0.0081084830,0.9104529617,0.9205574913,0.9303135889
heart,CatBoost,3,0.9207897793,0.0141027728,0.9331010453,0.9282229965,0.9010452962
heart,MLP,3,0.9423925668,0.0018290378,0.9449477352,0.9414634146,0.9407665505
heart,FT-Transformer,3,0.9340301974,0.0090383630,0.9212543554,0.9400696864,0.9407665505
heart,CNN-M1,3,0.7526132404,0.0349591567,0.7351916376,0.7212543554,0.8013937282
heart,CNN-M1c,3,0.9012775842,0.0290369338,0.9407665505,0.8912891986,0.8717770035
heart,CNN-M2,3,0.8404181185,0.0063359729,0.8418118467,0.8320557491,0.8473867596
heart,CNN-M3-full,3,0.6635307782,0.1372151016,0.5233449477,0.6174216028,0.8498257840
heart,CNN-M3-noG,3,0.6580720093,0.1458032616,0.5052264808,0.6146341463,0.8543554007
heart,CNN-M3-noB,3,0.7699186992,0.1245264298,0.5940766551,0.8662020906,0.8494773519
heart,CNN-M3-corrB,3,0.6306620209,0.2657072585,0.8529616725,0.2571428571,0.7818815331
heart,CNN-M3-shapB,3,0.6541231127,0.1293020462,0.5435540070,0.5832752613,0.8355400697
heart,CNN-M3-RG,3,0.6373983740,0.1725019823,0.6752613240,0.4097560976,0.8271777003
heart,CNN-IGTD,3,0.6114982578,0.1410502999,0.6888501742,0.4135888502,0.7320557491
wine,XGBoost,3,0.8536619051,0.0036846773,0.8574608868,0.8486735514,0.8548512770
wine,LightGBM,3,0.8511316554,0.0036852218,0.8563354152,0.8487786779,0.8482808732
wine,CatBoost,3,0.8483829077,0.0048063446,0.8550182425,0.8463422175,0.8437882629
wine,MLP,3,0.8418547606,0.0006891538,0.8423906994,0.8408818255,0.8422917568
wine,FT-Transformer,3,0.8222414611,0.0053512089,0.8269742131,0.8249891782,0.8147609919
wine,CNN-M1,3,0.8462288459,0.0027557503,0.8423721477,0.8476717581,0.8486426319
wine,CNN-M2,3,0.8327479232,0.0026571453,0.8346175252,0.8289901676,0.8346360769
wine,CNN-M3-full,3,0.8417475728,0.0040488822,0.8474615052,0.8385690433,0.8392121699
wine,CNN-M3-noG,3,0.8417475728,0.0040488822,0.8474615052,0.8385690433,0.8392121699
wine,CNN-M3-noB,3,0.8477892524,0.0010251497,0.8464844475,0.8478943788,0.8489889308
wine,CNN-M3-corrB,3,0.8421598334,0.0053018440,0.8371281924,0.8398614804,0.8494898275
wine,CNN-M3-shapB,3,0.8405128522,0.0030766025,0.8438439181,0.8412714118,0.8364232268
wine,CNN-M3-RG,3,0.8415970977,0.0018768774,0.8430400099,0.8389462618,0.8428050213
wine,CNN-IGTD,3,0.8393379094,0.0043601790,0.8336961227,0.8443138952,0.8400037103
bank,XGBoost,3,0.9306047855,0.0005119605,0.9310586862,0.9298893313,0.9308663389
bank,LightGBM,3,0.9293371854,0.0001940854,0.9290773498,0.9293905016,0.9295437049
bank,CatBoost,3,0.9308958327,0.0004178351,0.9308052167,0.9314468292,0.9304354522
bank,MLP,3,0.9259303974,0.0012382930,0.9272767274,0.9242873866,0.9262270780
bank,FT-Transformer,3,0.9271181938,0.0002896182,0.9267138198,0.9272639952,0.9273767662
bank,CNN-M1,3,0.8660531662,0.0041176186,0.8620158937,0.8717060145,0.8644375903
bank,CNN-M1c,3,0.9188146333,0.0004709900,0.9194176196,0.9182680830,0.9187581973
bank,CNN-M2,3,0.8620855041,0.0009500309,0.8625929357,0.8629091567,0.8607544198
bank,CNN-M3-full,3,0.9249200561,0.0018241537,0.9237391437,0.9274968128,0.9235242119
bank,CNN-M3-noG,3,0.8665411079,0.0016335030,0.8679813128,0.8673852483,0.8642567626
bank,CNN-M3-noB,3,0.9244496465,0.0006025784,0.9252097139,0.9237358849,0.9244033406
bank,CNN-M3-corrB,3,0.9249066545,0.0017580473,0.9229337178,0.9272033657,0.9245828799
bank,CNN-M3-shapB,3,0.9235217362,0.0026399026,0.9271224252,0.9225757381,0.9208670453
bank,CNN-M3-RG,3,0.9234819480,0.0028280621,0.9259248396,0.9250029671,0.9195180374
bank,CNN-IGTD,3,0.8667047067,0.0021610419,0.8647417233,0.8656576088,0.8697147879
credit,XGBoost,3,0.7765466818,0.0012374963,0.7780764397,0.7750456126,0.7765179930
credit,LightGBM,3,0.7779075981,0.0015153723,0.7793937457,0.7785017056,0.7758273430
credit,CatBoost,3,0.7776100446,0.0012547254,0.7770142830,0.7793554423,0.7764604087
credit,MLP,3,0.7676045364,0.0015968484,0.7653614703,0.7689527366,0.7684994022
credit,FT-Transformer,3,0.7677870935,0.0021664346,0.7696195568,0.7647444290,0.7689972947
credit,CNN-M1,3,0.7623798362,0.0003298026,0.7619669935,0.7627742078,0.7623983073
credit,CNN-M1c,3,0.7648191232,0.0017456088,0.7636025640,0.7672877020,0.7635671036
credit,CNN-M2,3,0.7672147998,0.0006963486,0.7681844977,0.7665812344,0.7668786673
credit,CNN-M3-full,3,0.7699907707,0.0008139800,0.7691562977,0.7710947286,0.7697212857
credit,CNN-M3-noG,3,0.7700134460,0.0012904918,0.7692066969,0.7718345372,0.7689991039
credit,CNN-M3-noB,3,0.7662750140,0.0011252465,0.7658753871,0.7678088039,0.7651408510
credit,CNN-M3-corrB,3,0.7639766725,0.0004162137,0.7644864885,0.7639765519,0.7634669772
credit,CNN-M3-shapB,3,0.7663147820,0.0010902895,0.7665851113,0.7648649736,0.7674942612
credit,CNN-M3-RG,3,0.7628379262,0.0044826560,0.7665666574,0.7654135753,0.7565335459
credit,CNN-IGTD,3,0.7681924065,0.0001146616,0.7680907810,0.7683526501,0.7681337883
german,XGBoost,3,0.8054857143,0.0042978453,0.7996952381,0.8067809524,0.8099809524
german,LightGBM,3,0.7897142857,0.0084835281,0.7845333333,0.7829333333,0.8016761905
german,CatBoost,3,0.8076444444,0.0149716817,0.8092190476,0.7885714286,0.8251428571
german,MLP,3,0.7921269841,0.0101128488,0.7778285714,0.7990095238,0.7995428571
german,FT-Transformer,3,0.7619809524,0.0012014604,0.7616761905,0.7635809524,0.7606857143
german,CNN-M1,3,0.6798984127,0.0167321333,0.7027809524,0.6736761905,0.6632380952
german,CNN-M1c,3,0.7911365079,0.0010434356,0.7926095238,0.7904761905,0.7903238095
german,CNN-M2,3,0.7036952381,0.0091201835,0.7094857143,0.7107809524,0.6908190476
german,CNN-M3-full,3,0.7317841270,0.0425526974,0.6716190476,0.7629714286,0.7607619048
german,CNN-M3-noG,3,0.6922920635,0.0344372711,0.6449523810,0.7060571429,0.7258666667
german,CNN-M3-noB,3,0.7089269841,0.0548506992,0.6314666667,0.7440761905,0.7512380952
german,CNN-M3-corrB,3,0.7004444444,0.0186118361,0.6844952381,0.6902857143,0.7265523810
german,CNN-M3-shapB,3,0.7226158730,0.0431099123,0.6617142857,0.7506285714,0.7555047619
german,CNN-M3-RG,3,0.7252317460,0.0730946225,0.6218666667,0.7779047619,0.7759238095
german,CNN-IGTD,3,0.6599365079,0.0316208121,0.6329142857,0.7043047619,0.6425904762
telco,XGBoost,3,0.8433415959,0.0006528829,0.8425322942,0.8433613350,0.8441311586
telco,LightGBM,3,0.8410082159,0.0004745989,0.8416765640,0.8407274207,0.8406206630
telco,CatBoost,3,0.8458542957,0.0002281607,0.8458976660,0.8461095135,0.8455557075
telco,MLP,3,0.8374815954,0.0010047778,0.8370417756,0.8388716705,0.8365313401
telco,FT-Transformer,3,0.8454567342,0.0011699250,0.8466583151,0.8458409509,0.8438709365
telco,CNN-M1,3,0.8205148949,0.0022225055,0.8206627989,0.8177219561,0.8231599298
telco,CNN-M1c,3,0.8388864053,0.0032547338,0.8343327973,0.8405814628,0.8417449557
telco,CNN-M2,3,0.8198104049,0.0027422979,0.8188595935,0.8170296987,0.8235419224
telco,CNN-M3-full,3,0.8422173032,0.0034401018,0.8373587128,0.8444297467,0.8448634501
telco,CNN-M3-noG,3,0.8213322591,0.0000605179,0.8214167756,0.8212783242,0.8213016774
telco,CNN-M3-noB,3,0.8420591127,0.0016208052,0.8397774434,0.8430102020,0.8433896925
telco,CNN-M3-corrB,3,0.8429807324,0.0005536892,0.8422979276,0.8436540848,0.8429901850
telco,CNN-M3-shapB,3,0.8422173032,0.0034401018,0.8373587128,0.8444297467,0.8448634501
telco,CNN-M3-RG,3,0.8427013274,0.0026468899,0.8389951092,0.8450094080,0.8440994649
telco,CNN-IGTD,3,0.8217086914,0.0005855226,0.8223092039,0.8219021899,0.8209146805
sick,XGBoost,3,0.9975040200,0.0008051569,0.9964360285,0.9983800130,0.9976960184
sick,LightGBM,3,0.9973960208,0.0014502518,0.9953920369,0.9987760098,0.9980200158
sick,CatBoost,3,0.9964540284,0.0016756309,0.9941140471,0.9973000216,0.9979480164
sick,MLP,3,0.9695202438,0.0008731116,0.9698682411,0.9683202534,0.9703722370
sick,FT-Transformer,3,0.9786401709,0.0070300186,0.9861761106,0.9804881561,0.9692562460
sick,CNN-M1,3,0.9879160967,0.0029954606,0.9911080711,0.9839081287,0.9887320901
sick,CNN-M1c,3,0.9928840569,0.0023334800,0.9949960400,0.9940240478,0.9896320829
sick,CNN-M2,3,0.9883000936,0.0000881809,0.9881920945,0.9883000936,0.9884080927
sick,CNN-M3-full,3,0.9897520820,0.0042520657,0.9955000360,0.9853481172,0.9884080927
sick,CNN-M3-noG,3,0.9882520940,0.0029024392,0.9913600691,0.9843761250,0.9890200878
sick,CNN-M3-noB,3,0.9941680467,0.0008432441,0.9948520412,0.9946720426,0.9929800562
sick,CNN-M3-corrB,3,0.9928000576,0.0011049038,0.9942040464,0.9926920585,0.9915040680
sick,CNN-M3-shapB,3,0.9897520820,0.0042520657,0.9955000360,0.9853481172,0.9884080927
sick,CNN-M3-RG,3,0.9910240718,0.0025232919,0.9934480524,0.9920800634,0.9875440996
sick,CNN-IGTD,3,0.9895960832,0.0024295583,0.9887320901,0.9871481028,0.9929080567
australian,XGBoost,3,0.9289321789,0.0037576960,0.9242424242,0.9291125541,0.9334415584
australian,LightGBM,3,0.9242875180,0.0025292756,0.9232954545,0.9218073593,0.9277597403
australian,CatBoost,3,0.9270833333,0.0077074781,0.9185606061,0.9372294372,0.9254599567
australian,MLP,3,0.9209956710,0.0023064055,0.9242424242,0.9191017316,0.9196428571
australian,FT-Transformer,3,0.9052579365,0.0082431655,0.9021915584,0.8970508658,0.9165313853
australian,CNN-M1,3,0.8353625541,0.0060135581,0.8269751082,0.8407738095,0.8383387446
australian,CNN-M1c,3,0.8908730159,0.0148728880,0.8832521645,0.8777056277,0.9116612554
australian,CNN-M2,3,0.8304022367,0.0079516102,0.8195346320,0.8333333333,0.8383387446
australian,CNN-M3-full,3,0.8605699856,0.0170190698,0.8367153680,0.8697240260,0.8752705628
australian,CNN-M3-noG,3,0.8364898990,0.0003188613,0.8367153680,0.8367153680,0.8360389610
australian,CNN-M3-noB,3,0.8681457431,0.0059012601,0.8641774892,0.8637716450,0.8764880952
australian,CNN-M3-corrB,3,0.8645382395,0.0098451229,0.8563311688,0.8589015152,0.8783820346
australian,CNN-M3-shapB,3,0.8616071429,0.0238248917,0.8288690476,0.8848755411,0.8710768398
australian,CNN-M3-RG,3,0.8484848485,0.0364634573,0.8084415584,0.8403679654,0.8966450216
australian,CNN-IGTD,3,0.8026695527,0.0155976302,0.7847673160,0.8227813853,0.8004599567
cmc,XGBoost,3,0.7451591922,0.0023246853,0.7452018425,0.7422909603,0.7479847738
cmc,LightGBM,3,0.7389215874,0.0047628470,0.7451218732,0.7381005694,0.7335423197
cmc,CatBoost,3,0.7521378457,0.0088894428,0.7533587103,0.7623632525,0.7406915744
cmc,MLP,3,0.7360426929,0.0057335894,0.7375887659,0.7421630094,0.7283763035
cmc,FT-Transformer,3,0.7347738468,0.0035531812,0.7349017977,0.7303595419,0.7390602009
cmc,CNN-M1,3,0.6196127354,0.0083548721,0.6253598618,0.6077986053,0.6256797390
cmc,CNN-M1c,3,0.7504051777,0.0012267983,0.7501599386,0.7520152262,0.7490403685
cmc,CNN-M2,3,0.6266180453,0.0032428597,0.6251359478,0.6236005374,0.6311176508
cmc,CNN-M3-full,3,0.7411500650,0.0036176145,0.7446900390,0.7425788497,0.7361813064
cmc,CNN-M3-noG,3,0.6104215981,0.0216364847,0.6241763163,0.5798733286,0.6272151494
cmc,CNN-M3-noB,3,0.7513861344,0.0058716027,0.7431866163,0.7543503295,0.7566214574
cmc,CNN-M3-corrB,3,0.7411500650,0.0036176145,0.7446900390,0.7425788497,0.7361813064
cmc,CNN-M3-shapB,3,0.7513861344,0.0058716027,0.7431866163,0.7543503295,0.7566214574
cmc,CNN-M3-RG,3,0.7540624400,0.0072595910,0.7476009212,0.7642025462,0.7503838526
cmc,CNN-IGTD,3,0.5514362485,0.0290287193,0.5728360310,0.5103960079,0.5710767065
ilpd,XGBoost,3,0.7651044158,0.0070815695,0.7596843615,0.7605212817,0.7751076040
ilpd,LightGBM,3,0.7769010043,0.0089518444,0.7663797226,0.7760640842,0.7882592061
ilpd,CatBoost,3,0.7708432967,0.0152442020,0.7659014825,0.7914873266,0.7551410808
ilpd,MLP,3,0.7051649928,0.0168145203,0.6829268293,0.7089909134,0.7235772358
ilpd,FT-Transformer,3,0.6903395505,0.0492575671,0.6209947394,0.7192730751,0.7307508369
ilpd,CNN-M1,3,0.7678941495,0.0356859898,0.7766618843,0.7204686753,0.8065518890
ilpd,CNN-M1c,3,0.7706041766,0.0431483405,0.7934002869,0.7101865136,0.8082257293
ilpd,CNN-M2,3,0.7854296190,0.0126926474,0.7857484457,0.8008130081,0.7697274032
ilpd,CNN-M3-full,3,0.7469312928,0.0048470575,0.7517934003,0.7403156385,0.7486848398
ilpd,CNN-M3-noG,3,0.7460545194,0.0081253913,0.7513151602,0.7345767575,0.7522716404
ilpd,CNN-M3-noB,3,0.7407938785,0.0244074295,0.7412721186,0.7704447633,0.7106647537
ilpd,CNN-M3-corrB,3,0.7482863064,0.0129953668,0.7515542802,0.7309899570,0.7623146820
ilpd,CNN-M3-shapB,3,0.7490833732,0.0105670738,0.7379244381,0.7632711621,0.7460545194
ilpd,CNN-M3-RG,3,0.7639885222,0.0149113282,0.7522716404,0.7850310856,0.7546628407
ilpd,CNN-IGTD,3,0.7698868165,0.0116399046,0.7551410808,0.7709230033,0.7835963654
segment,XGBoost,3,1.0000000000,0.0000000000,1.0000000000,1.0000000000,1.0000000000
segment,LightGBM,3,1.0000000000,0.0000000000,1.0000000000,1.0000000000,1.0000000000
segment,CatBoost,3,1.0000000000,0.0000000000,1.0000000000,1.0000000000,1.0000000000
segment,MLP,3,1.0000000000,0.0000000000,1.0000000000,1.0000000000,1.0000000000
segment,FT-Transformer,3,1.0000000000,0.0000000000,1.0000000000,1.0000000000,1.0000000000
segment,CNN-M1,3,1.0000000000,0.0000000000,1.0000000000,1.0000000000,1.0000000000
segment,CNN-M2,3,1.0000000000,0.0000000000,1.0000000000,1.0000000000,1.0000000000
segment,CNN-M3-full,3,1.0000000000,0.0000000000,1.0000000000,1.0000000000,1.0000000000
segment,CNN-M3-noB,3,1.0000000000,0.0000000000,1.0000000000,1.0000000000,1.0000000000
segment,CNN-M3-corrB,3,1.0000000000,0.0000000000,1.0000000000,1.0000000000,1.0000000000
segment,CNN-M3-shapB,3,1.0000000000,0.0000000000,1.0000000000,1.0000000000,1.0000000000
segment,CNN-M3-RG,3,1.0000000000,0.0000000000,1.0000000000,1.0000000000,1.0000000000
segment,CNN-IGTD,3,1.0000000000,0.0000000000,1.0000000000,1.0000000000,1.0000000000
vehicle,XGBoost,3,0.9994209612,0.0002836699,0.9990735379,0.9994209612,0.9997683845
vehicle,LightGBM,3,0.9998069871,0.0002729615,0.9994209612,1.0000000000,1.0000000000
vehicle,CatBoost,3,0.9993823586,0.0003039571,0.9989577302,0.9995367690,0.9996525767
vehicle,MLP,3,0.9960239336,0.0014840674,0.9939779965,0.9974522293,0.9966415750
vehicle,FT-Transformer,3,0.9900791353,0.0046422720,0.9884192241,0.9854082224,0.9964099595
vehicle,CNN-M1,3,0.7535996912,0.1804300331,0.5696583671,0.9987261146,0.6924145918
vehicle,CNN-M2,3,0.9951360741,0.0006551076,0.9955993052,0.9955993052,0.9942096120
vehicle,CNN-M3-full,3,0.8033584250,0.1368815380,0.7022582513,0.9968731905,0.7109438332
vehicle,CNN-M3-noB,3,0.9974908319,0.0005540513,0.9972206138,0.9969889983,0.9982628836
vehicle,CNN-M3-corrB,3,0.9971048060,0.0018408213,0.9945570353,0.9979154603,0.9988419224
vehicle,CNN-M3-shapB,3,0.9358425014,0.0872140845,0.9966415750,0.9983786914,0.8125072380
vehicle,CNN-M3-RG,3,0.9051148427,0.1303415972,0.9962941517,0.9982628836,0.7207874928
vehicle,CNN-IGTD,3,0.9455317506,0.0751470313,0.8392588303,0.9982628836,0.9990735379
spambase,XGBoost,3,0.9842147496,0.0009519796,0.9834461747,0.9836417663,0.9855563078
spambase,LightGBM,3,0.9861844580,0.0011711092,0.9866602723,0.9845727074,0.9873203942
spambase,CatBoost,3,0.9842937386,0.0001362891,0.9841157000,0.9843188144,0.9844467013
spambase,MLP,3,0.9838749718,0.0010120880,0.9853005341,0.9830512300,0.9832731513
spambase,FT-Transformer,3,0.9765152085,0.0022171558,0.9753103137,0.9796246145,0.9746106974
spambase,CNN-M1,3,0.9008312646,0.0505637390,0.8508124577,0.8815842925,0.9700970436
spambase,CNN-M2,3,0.9617706061,0.0030391165,0.9640073723,0.9638305875,0.9574738584
spambase,CNN-M3-full,3,0.8854785727,0.0931170992,0.9740201610,0.9256262695,0.7567892876
spambase,CNN-M3-noB,3,0.8106403119,0.1121504109,0.9682088317,0.7475306552,0.7161814489
spambase,CNN-M3-corrB,3,0.9714461245,0.0022709388,0.9740878658,0.9717069134,0.9685435944
spambase,CNN-M3-shapB,3,0.8744075829,0.1301352748,0.9784811555,0.9538215602,0.6909200331
spambase,CNN-M3-RG,3,0.8844065799,0.0622449319,0.9581509065,0.8891634695,0.8059053637
spambase,CNN-IGTD,3,0.9761503548,0.0033994568,0.9803768901,0.9720529602,0.9760212142
magic,XGBoost,3,0.9344541818,0.0007169790,0.9335037601,0.9352353539,0.9346234314
magic,LightGBM,3,0.9335711706,0.0003048237,0.9339476826,0.9332011036,0.9335647255
magic,CatBoost,3,0.9345050520,0.0003668194,0.9348031707,0.9339883262,0.9347236592
magic,MLP,3,0.9274659534,0.0012110073,0.9259148553,0.9276127109,0.9288702941
magic,FT-Transformer,3,0.9247004805,0.0020719531,0.9233363560,0.9276283962,0.9231366895
magic,CNN-M1,3,0.9260041988,0.0016724929,0.9237698216,0.9277933381,0.9264494366
magic,CNN-M2,3,0.9248929785,0.0021534269,0.9218718062,0.9267356187,0.9260715106
magic,CNN-M3-full,3,0.9231088703,0.0015368026,0.9252479850,0.9223721562,0.9217064697
magic,CNN-M3-noB,3,0.9237058639,0.0005641024,0.9243872685,0.9230058803,0.9237244429
magic,CNN-M3-corrB,3,0.9213873717,0.0007322489,0.9223958321,0.9206793317,0.9210869512
magic,CNN-M3-shapB,3,0.9248358934,0.0015063403,0.9263454601,0.9227793812,0.9253828388
magic,CNN-M3-RG,3,0.9234866648,0.0009140666,0.9244011781,0.9222381903,0.9238206261
magic,CNN-IGTD,3,0.9234610817,0.0015946609,0.9216646424,0.9231786155,0.9255399874
